x,y,z,aream2,_CLASE
-86.95288351,20.74385712,-4.9,855.491625,Macroalgae
-86.95271828,20.74402696,-5.5,1899.956941,S&B
-86.95286515,20.74420973,-5.3,209.50803,Corals
-86.95307018,20.74384986,-5.3,209.508571,S&B
-86.95292435,20.74431667,-5.6,104.754064,S&B
-86.96066492,20.74081134,-4.1,355.441038,Sediments
-86.95806687,20.74088483,-3.9,663.478734,Sediments
-86.95765366,20.74091557,-4.4,785.695334,Sediments
-86.96080166,20.74123205,-4.3,278.063921,Sediments
-86.95734058,20.74113817,-4.5,2042.800556,Sediments
-86.95728516,20.74205928,-5.1,18367.7093,Sediments
-86.95748929,20.74260588,-5.5,2572.876853,Sediments
-86.95600095,20.74345575,-5.7,331.731609,Sediments
-86.95647272,20.73994259,-4.2,768.227472,Macroalgae
-86.9557965,20.74004251,-3.9,1676.120612,Macroalgae
-86.95674628,20.74053787,-4.4,453.953445,Macroalgae
-86.95295953,20.74054463,-5.3,282.583968,Macroalgae
-86.95638778,20.74071653,-4.2,890.443821,Macroalgae
-86.95787632,20.7408006,-3.9,331.738765,Macroalgae
-86.95840087,20.74078969,-3.8,278.319259,Macroalgae
-86.95647514,20.74102351,-4,314.274428,Macroalgae
-86.95263999,20.74123024,-5.3,178.640577,Macroalgae
-86.96033988,20.74116587,-4.3,1649.745069,Macroalgae
-86.95695709,20.74118854,-4.5,1938.034406,Macroalgae
-86.95292213,20.74135117,-5.2,1704.727928,Macroalgae
-86.95689283,20.74165423,-4.7,296.815718,Macroalgae
-86.9564132,20.74172499,-4.5,680.927015,Macroalgae
-86.95665805,20.74234263,-5.1,820.605557,Macroalgae
-86.95798004,20.74247707,-5,2213.072813,Macroalgae
-86.95306611,20.74266535,-4.4,11506.7585,Macroalgae
-86.95762741,20.74232656,-5.3,20291.96596,Macroalgae
-86.95622999,20.73987187,-2.8,942.822346,Corals
-86.95299768,20.74023112,-6,82.892356,Corals
-86.956036,20.74033348,-3.9,384.111926,Corals
-86.95991022,20.74042756,-4,1687.666592,Corals
-86.95938195,20.74085205,-3,715.867979,Corals
-86.95710612,20.7406248,-3.3,3596.72089,Corals
-86.95649863,20.74095625,-4.3,104.758181,Corals
-86.96027362,20.74087628,-2.7,4330.166558,Corals
-86.95707491,20.74113711,-4.5,69.839169,Corals
-86.95806348,20.74106618,-3.5,6664.482846,Corals
-86.95760603,20.74162657,-4.8,453.956652,Corals
-86.95727354,20.74157145,-3.3,1134.888156,Corals
-86.95709635,20.74175382,-4.9,139.678256,Corals
-86.95450398,20.74174095,-4.1,2426.847887,Corals
-86.95783533,20.74191721,-5.2,558.716951,Corals
-86.95798023,20.74237224,-5.1,1099.97503,Corals
-86.95509273,20.74255904,-7.4,331.72899,Corals
-86.95397574,20.74238084,-3.3,3910.869228,Corals
-86.95620125,20.74311743,-5.4,1326.929679,Corals
-86.95664561,20.74342312,-4.9,682.285993,Corals
-86.95544266,20.74254991,-5.1,18299.23564,Corals
-86.95643707,20.7397916,-4.4,157.137405,S&B
-86.9578811,20.74060093,-3.3,32.530859,S&B
-86.95692139,20.74055878,-4.4,69.839109,S&B
-86.96024871,20.7406156,-4.2,87.301745,S&B
-86.95587614,20.7404251,-4.1,593.626414,S&B
-86.95988465,20.74066341,-4,69.841143,S&B
-86.95849878,20.74072046,-4.1,111.131169,S&B
-86.95770349,20.74077583,-4.2,122.219347,S&B
-86.9582194,20.74094635,-3.6,122.219936,S&B
-86.95805303,20.74130001,-5.1,628.55841,S&B
-86.95722853,20.74139016,-4.9,104.758882,S&B
-86.95758431,20.7415293,-4.5,401.576994,S&B
-86.95807202,20.74159737,-5.2,384.118967,S&B
-86.95705829,20.74171024,-4.8,244.436841,S&B
-86.95665207,20.74184181,-4.4,139.677633,S&B
-86.95814947,20.74182009,-5.1,157.139674,S&B
-86.95734684,20.7419715,-5.1,104.758928,S&B
-86.95790315,20.74200929,-5.2,139.679326,S&B
-86.95794232,20.74217797,-5.2,209.519028,S&B
-86.95497159,20.74259934,-7.3,134.437369,S&B
-86.95500821,20.74223946,-5.7,3253.045109,S&B
-86.95487617,20.74271241,-6,10.997134,S&B
-86.95790762,20.74271799,-5.3,67.571285,S&B
-86.95426379,20.74260607,-5.3,685.181607,S&B
-86.95252642,20.74279744,-5.4,206.832955,S&B
-86.95488475,20.74292108,-6.1,150.703213,S&B
-86.95274277,20.74318007,-5.4,43.446143,S&B
-86.95367605,20.74327072,-4.8,157.13246,S&B
-86.95481665,20.74324902,-6,242.541513,S&B
-86.9528406,20.74338369,-5.1,139.67212,S&B
-86.95480014,20.74358951,-5.9,206.193291,S&B
-86.9552107,20.74368477,-5.5,104.756503,S&B
-86.95295465,20.7436085,-4.5,925.328718,S&B
-86.95361585,20.74375638,-6.1,68.716917,S&B
-86.95501614,20.74377461,-5.6,405.41848,S&B
-86.95303559,20.73929711,-7.2,2.768662,Octocorals
-86.95637236,20.740271,-3.6,209.516286,Corals
-86.95811217,20.74164338,-5.2,34.919919,Corals
-86.9577087,20.74178786,-5.2,17.459887,Corals
-86.95561422,20.74337765,-5.4,34.918986,Corals
-86.95492136,20.74384651,-5.9,31.373348,Corals
-86.96026568,20.74127599,-4.5,1209.096408,Seagrass_com
-86.95865098,20.74194754,MISS,3092.800786,Seagrass_com
-86.95401619,20.74014266,-4,1549.116887,Sediments
-86.95327,20.74035903,-5.1,733.284456,Sediments
-86.9540859,20.74098068,-3.5,768.208133,Sediments
-86.95629763,20.7410556,-4.2,453.951129,Sediments
-86.95576205,20.74107028,-4.2,436.489154,Sediments
-86.9559242,20.74145583,-4.4,576.166374,Sediments
-86.95411612,20.74142327,-4.1,2478.746068,Sediments
-86.95517212,20.74159241,-4.5,436.486371,Sediments
-86.95598001,20.74191594,-4.5,942.81769,Sediments
-86.95260878,20.74232869,-5.1,419.016003,Sediments
-86.95609194,20.73927437,-4.8,715.846123,Macroalgae
-86.95637921,20.73961035,MISS,331.734373,Macroalgae
-86.95540838,20.73955221,-4.2,1274.546627,Macroalgae
-86.95429361,20.73964515,-4.2,2861.258944,Macroalgae
-86.9533122,20.73974239,-5.3,1065.009838,Macroalgae
-86.95450369,20.7400126,-3.4,925.346823,Macroalgae
-86.95340414,20.74014698,-5.1,1326.897967,Macroalgae
-86.95434621,20.74030727,-3.3,1030.101257,Macroalgae
-86.95598624,20.74046637,-4.1,436.490489,Macroalgae
-86.95566223,20.74076129,-3.9,3579.20928,Macroalgae
-86.95472234,20.74119826,-4,419.0253,Macroalgae
-86.95453896,20.74108353,-3.3,1239.614349,Macroalgae
-86.95615918,20.74118807,-4.1,838.062294,Macroalgae
-86.95551953,20.74128269,-3.9,453.947657,Macroalgae
-86.95592363,20.74162048,-4.4,331.732095,Macroalgae
-86.95485218,20.74155349,-4.3,855.510462,Macroalgae
-86.95291212,20.74172789,-5.3,488.853801,Macroalgae
-86.95365952,20.74124831,-4.2,8973.540427,Macroalgae
-86.95608984,20.74231735,-4.5,2357.044481,Macroalgae
-86.95312027,20.73932466,-6.1,192.050651,Corals
-86.95630504,20.73942397,-3.6,611.089335,Corals
-86.95454793,20.73946785,-3.6,1047.019135,Corals
-86.95572758,20.73946536,-4.1,1379.307989,Corals
-86.95389521,20.73970197,-4.6,314.267005,Corals
-86.95557685,20.73978135,-4.1,139.676504,Corals
-86.95588094,20.73974813,-3.6,611.086643,Corals
-86.95301631,20.73979874,-6.2,122.21385,Corals
-86.95379021,20.73987123,-5.1,157.133283,Corals
-86.95428964,20.74007016,-4,104.756014,Corals
-86.95376302,20.74003741,-4.7,401.562616,Corals
-86.95460125,20.74017968,-3.4,157.134488,Corals
-86.95513102,20.74025291,-2.9,87.29738,Corals
-86.95381698,20.74032123,-4.3,174.592502,Corals
-86.95574408,20.74038292,-4.1,366.651135,Corals
-86.95517054,20.73978372,-3.3,8066.285456,Corals
-86.95428952,20.74046774,-3.4,139.674617,Corals
-86.95384974,20.74050337,-4.2,401.562768,Corals
-86.95628065,20.7405618,-4.2,296.814332,Corals
-86.95592988,20.7406268,-4,157.136461,Corals
-86.95610092,20.74074248,-4.2,296.813763,Corals
-86.95563535,20.7407094,-4,593.624807,Corals
-86.9529063,20.74084681,-5.1,17.200877,Corals
-86.95626811,20.74092005,-4.1,69.83863,Corals
-86.95492056,20.74062969,-2.9,4172.804045,Corals
-86.95438543,20.7409542,-3.3,209.511997,Corals
-86.95347528,20.74090506,-4.7,435.126787,Corals
-86.95585244,20.74098566,-3.9,384.110889,Corals
-86.95556405,20.74104691,-4.3,296.812095,Corals
-86.95544201,20.7410102,-4.2,104.75708,Corals
-86.95603754,20.74106457,-4.1,69.838461,Corals
-86.95366839,20.74106395,-4.3,235.434222,Corals
-86.9554249,20.74112565,-3.9,314.27109,Corals
-86.95659942,20.74121381,-4.2,209.516508,Corals
-86.95495422,20.74115899,-4,942.809131,Corals
-86.9559027,20.74127614,-3.6,541.247296,Corals
-86.956305,20.74131047,-3.3,1187.256581,Corals
-86.95571088,20.74129902,-3.6,401.569735,Corals
-86.95409327,20.74143995,-4.1,174.592724,Corals
-86.95436086,20.74128361,-2.9,1623.716526,Corals
-86.95508809,20.74142621,-4.2,1466.593225,Corals
-86.95583621,20.74169756,-4.4,296.812661,Corals
-86.95623002,20.74181403,-4.4,558.708216,Corals
-86.95356101,20.74194022,-3.7,855.499371,Corals
-86.95657135,20.74199214,-4.8,436.492249,Corals
-86.95646672,20.74218771,-5,122.21766,Corals
-86.95344367,20.74231084,-4,69.83657,Corals
-86.95310389,20.74238347,-4.2,161.607089,Corals
-86.95651798,20.74248361,-4.6,576.169041,Corals
-86.95281565,20.74281494,-4.7,371.462386,Corals
-86.95668681,20.74300275,-4.5,1606.290948,Corals
-86.95362003,20.74303751,-4.2,1134.845278,Corals
-86.95337939,20.74341682,-4.7,611.068738,Corals
-86.95359313,20.74357772,-5.6,87.295705,Corals
-86.95322783,20.74361324,-5.1,122.213543,Corals
-86.95484197,20.73928952,-3.6,104.756676,S&B
-86.95503538,20.73934957,-3.3,226.97322,S&B
-86.9555145,20.73949218,-4.3,139.676463,S&B
-86.95465998,20.73958572,-3.3,838.05183,S&B
-86.95561616,20.73971318,-4.2,192.055283,S&B
-86.95329439,20.739722,-5.3,279.346753,S&B
-86.95600959,20.73955332,-4.4,1903.101523,S&B
-86.95515421,20.73979931,-3.3,69.837959,S&B
-86.95454854,20.73987462,-3.3,995.185152,S&B
-86.95581693,20.73999325,-3.9,157.136408,S&B
-86.95553657,20.73993785,-4,925.356125,S&B
-86.9543326,20.74012532,-3.9,663.454889,S&B
-86.95469781,20.7402274,-3.4,628.538512,S&B
-86.95556346,20.74041386,-3.3,279.352758,S&B
-86.95622569,20.7404946,-4.2,855.523303,S&B
-86.95514159,20.74037576,-3.2,1536.43394,S&B
-86.95630659,20.74073934,-4.1,69.838671,S&B
-86.9554594,20.74069936,-3.9,87.29762,S&B
-86.95403202,20.74071886,-3.9,174.592756,S&B
-86.95622834,20.74083097,-4.1,244.435135,S&B
-86.95524515,20.74086104,-3.8,209.51378,S&B
-86.95419205,20.74062175,-3.7,3788.672544,S&B
-86.95425095,20.74094212,-3.6,69.837241,S&B
-86.95498577,20.74096942,-3.7,69.837746,S&B
-86.95630844,20.74098873,-4.1,87.298311,S&B
-86.95543815,20.74108429,-4.1,87.297556,S&B
-86.95521938,20.74107232,-3.7,296.811071,S&B
-86.95655621,20.74115506,-4.2,104.758215,S&B
-86.95560046,20.74115934,-4.1,69.838154,S&B
-86.95486232,20.74108509,-3.9,401.56647,S&B
-86.95400648,20.7411564,-4,314.266754,S&B
-86.95646493,20.74124991,-4.2,69.838741,S&B
-86.95524692,20.74126014,-3.5,576.16266,S&B
-86.95456194,20.74123238,-3.2,453.943234,S&B
-86.95583574,20.74132354,-4.2,209.514876,S&B
-86.95529013,20.7414222,-4.1,174.59479,S&B
-86.95467344,20.74144824,-3.9,69.837489,S&B
-86.95626794,20.74150295,-4.2,750.764591,S&B
-86.95605661,20.741568,-4.4,122.217253,S&B
-86.95564198,20.7415509,-4.3,628.54337,S&B
-86.95452795,20.74159988,-3.9,244.430842,S&B
-86.95517286,20.74169735,-4.5,331.729598,S&B
-86.9538841,20.74171459,-4,419.021557,S&B
-86.95605309,20.74174986,-4.3,436.490141,S&B
-86.95566863,20.74176092,-4.2,453.947953,S&B
-86.95426864,20.74186437,-3.7,401.563754,S&B
-86.9558054,20.74185966,-4.2,122.216905,S&B
-86.95346664,20.74182967,-4.5,279.346463,S&B
-86.95636007,20.74182486,-4.5,261.894813,S&B
-86.95259463,20.74201965,-5.1,87.295011,S&B
-86.95603725,20.74207659,-4.7,69.838375,S&B
-86.95529227,20.74212961,-5.4,157.135181,S&B
-86.95378471,20.74217087,-3.4,69.836815,S&B
-86.95252158,20.742163,-5.1,157.130884,S&B
-86.95396482,20.7421777,-3.1,139.673854,S&B
-86.95341967,20.74228824,-4.1,139.673108,S&B
-86.95262291,20.74238091,-5.2,314.262002,S&B
-86.95357609,20.74241712,-3.9,576.152369,S&B
-86.95513377,20.74263785,-6.8,162.37267,S&B
-86.95391392,20.74247468,-3.1,890.420068,S&B
-86.95283336,20.74266459,-4.6,466.864672,S&B
-86.95529165,20.74279927,-5.2,87.297251,S&B
-86.9527991,20.74292771,MISS,147.186128,S&B
-86.95525482,20.7429774,-5.4,122.216085,S&B
-86.953307,20.74290458,-4.2,2164.929094,S&B
-86.95343674,20.74356151,-5.2,768.201138,S&B
-86.95488539,20.73932937,-3.5,34.918907,Corals
-86.95373248,20.74019651,-4.7,34.918474,Corals
-86.95576883,20.74023319,-4.1,34.919172,Corals
-86.95329049,20.74066626,-5.3,52.377453,Corals
-86.95523065,20.74117279,-3.6,34.918948,Corals
-86.95653681,20.74182371,-4.6,34.919369,Corals
-86.9537895,20.74222057,-3.4,52.377611,Corals
-86.95642142,20.7422574,-4.8,34.919311,Corals
-86.9536358,20.74225668,-3.6,52.37753,Corals
-86.9559027,20.74232956,-4.3,52.378695,Corals
-86.95586423,20.74247412,-4.5,52.378666,Corals
-86.9561908,20.7425465,-4.8,34.91922,Corals
-86.95659419,20.74269117,-4.8,52.379028,Corals
-86.95290543,20.74337693,-5,52.377083,Corals
-86.95286455,20.7366385,-9.9,663.448159,Sediments
-86.95564173,20.73749783,-5.3,87924.00735,Sediments
-86.95594517,20.73533292,-5.9,161.660456,Macroalgae
-86.95575107,20.73499854,-5.4,752.705659,Corals
-86.95409892,20.7354638,-8.3,157.134601,Corals
-86.95396707,20.73739194,-6.1,1253.593878,Corals
-86.95378937,20.73767644,MISS,50.160031,Corals
-86.95378601,20.73807619,-6.2,1944.290241,Corals
-86.95568591,20.73538745,-5.4,670.923967,S&B
-86.95415141,20.73655064,-8.3,335.798933,S&B
-86.95398447,20.73671097,-8.3,27.059752,S&B
-86.95624414,20.73881852,-5.4,1459.374414,S&B
-86.95512653,20.73640513,-5.7,146363.618,S&B
-86.95407877,20.73538135,-8.2,349.187966,Octocorals
-86.95417079,20.73620941,-8.9,3446.93137,Octocorals
-86.95388191,20.73706269,-8.3,11.617675,Octocorals
-86.95367176,20.73788224,MISS,91.51469,Octocorals
-86.95359212,20.73825819,-8.3,99.461763,Octocorals
-86.95392203,20.73687783,-8.2,1.497561,Corals
-86.95360789,20.7380764,-8.1,8.676862,Corals
-86.95353711,20.73833001,-7.9,3.588697,Corals
-86.95383076,20.73866377,-5.5,942.801464,Sediments
-86.95468618,20.7389312,-4.4,852.342306,Sediments
-86.95550328,20.73916231,-4.1,593.625163,Sediments
-86.95452404,20.73919098,-4.2,844.010785,Sediments
-86.95510117,20.73487783,-5.3,960.277201,Macroalgae
-86.95567958,20.73518108,MISS,314.274206,Macroalgae
-86.95437446,20.73549406,-5.9,558.702339,Macroalgae
-86.9549608,20.73538781,-5.3,3456.990173,Macroalgae
-86.95557557,20.735949,-5.4,558.708691,Macroalgae
-86.9560613,20.73638469,-5.6,1090.543418,Macroalgae
-86.95603874,20.73696504,-5.8,453.952338,Macroalgae
-86.9562337,20.73719461,MISS,1.640671,Macroalgae
-86.95618281,20.73738611,MISS,111.888882,Macroalgae
-86.95491812,20.73776308,-5.3,1309.461811,Macroalgae
-86.95374349,20.73850151,-5.6,331.726194,Macroalgae
-86.95508128,20.73857771,MISS,349.154661,Macroalgae
-86.95402403,20.73864474,-5.3,436.483015,Macroalgae
-86.95640686,20.73850722,-5.8,442.320137,Macroalgae
-86.95375438,20.73895189,-5.3,366.644622,Macroalgae
-86.95594396,20.73904899,-4.9,663.466264,Macroalgae
-86.95458844,20.7388237,-4.8,5843.161983,Macroalgae
-86.95385745,20.73479227,-6.3,413.719299,Corals
-86.95406067,20.73490155,-7.7,174.59406,Corals
-86.95548823,20.73527076,-4.9,384.112168,Corals
-86.95404123,20.7356967,-9,69.797689,Corals
-86.95482498,20.73576739,-5.9,87.297591,Corals
-86.95407954,20.73601899,-8.4,104.756309,Corals
-86.95443832,20.73599914,-6.6,645.999508,Corals
-86.95469415,20.73641975,-7.7,69.837929,Corals
-86.95602509,20.73665762,-5.3,122.217945,Corals
-86.95482471,20.73667098,-6,87.297495,Corals
-86.95571664,20.73673281,-5.4,226.975487,Corals
-86.95431491,20.73659309,-6.5,1169.780745,Corals
-86.95486691,20.73685654,-5.9,209.514033,Corals
-86.9546309,20.73685862,-5.9,244.432461,Corals
-86.9558541,20.73694213,-5.9,157.137047,Corals
-86.95621985,20.73700228,-5.6,72.5517,Corals
-86.95454862,20.73704741,-7.1,261.891672,Corals
-86.9543673,20.73732326,-6.1,104.756444,Corals
-86.95500124,20.73735957,-5.5,69.838061,Corals
-86.95454339,20.7373454,-5.9,157.134935,Corals
-86.95427119,20.7375401,-6.2,104.756315,Corals
-86.95448676,20.73757529,-5.6,157.134803,Corals
-86.95555964,20.73769412,-5.3,139.67683,Corals
-86.95588711,20.73745722,-5.8,3928.079731,Corals
-86.95636377,20.73804597,-5.3,3297.792533,Corals
-86.95517011,20.73828787,-4.7,426.290955,Corals
-86.9560265,20.73836817,-5.1,838.064209,Corals
-86.95659191,20.73851057,-5.8,9.748773,Corals
-86.95550176,20.73852767,-5,104.757459,Corals
-86.95632782,20.73857531,-5.3,279.355488,Corals
-86.95608342,20.73854289,-5.3,314.274248,Corals
-86.95438748,20.73874424,-4.6,69.837521,Corals
-86.95569907,20.73872907,-4.8,2618.941553,Corals
-86.95588585,20.73896149,-5,69.838533,Corals
-86.95554965,20.73903691,-4.2,541.246823,Corals
-86.95489095,20.7391768,-3.7,122.216208,Corals
-86.95587821,20.73510218,-5.8,315.285812,S&B
-86.95436383,20.73609256,-8,87.29716,S&B
-86.95607731,20.73638397,-5.7,69.838885,S&B
-86.95424592,20.73636843,-8.4,104.756438,S&B
-86.9545153,20.73659416,-8,226.972808,S&B
-86.95619487,20.73710162,-6,177.466413,S&B
-86.95647556,20.73810941,-5.8,331.735299,S&B
-86.95603965,20.7385775,-5.3,139.677344,S&B
-86.9564207,20.73865411,-5.6,63.929236,S&B
-86.95571039,20.73893432,-5,1047.57603,S&B
-86.95505735,20.73910359,-3.8,139.675903,S&B
-86.95581715,20.73920311,-4.5,314.273126,S&B
-86.954541,20.73584409,-7.1,471.405671,Octocorals
-86.95459004,20.73629988,-8.1,331.729843,Octocorals
-86.95452987,20.73653085,-8,349.189038,Octocorals
-86.95445778,20.73669799,-8,349.188699,Octocorals
-86.95436741,20.73697458,-7.7,296.810048,Octocorals
-86.95534771,20.73502839,-5,34.919248,Corals
-86.95565502,20.73524533,-5.2,34.919345,Corals
-86.9549248,20.73600416,-5.8,34.919061,Corals
-86.95573158,20.73618509,-4.9,34.919331,Corals
-86.95527052,20.73622111,-5.2,34.919171,Corals
-86.95576993,20.7364381,-5,34.919334,Corals
-86.95494387,20.73647403,-5.9,52.378571,Corals
-86.95580833,20.7365104,-4.7,34.919344,Corals
-86.95457884,20.73658237,-8.2,34.918918,Corals
-86.95457882,20.73665466,-8.3,34.918915,Corals
-86.95450195,20.73676307,-8.1,34.918884,Corals
-86.95561613,20.73683565,-5.1,34.919264,Corals
-86.95523192,20.73683555,-5.5,34.919132,Corals
-86.95396401,20.7369075,-8.3,34.918693,Corals
-86.95438663,20.73694375,-7.5,34.918837,Corals
-86.95527023,20.73723314,-5.2,34.919128,Corals
-86.95530863,20.73730543,-5.2,34.919138,Corals
-86.95542388,20.73734161,-5.3,34.919176,Corals
-86.95527014,20.73752229,-5.5,34.919116,Corals
-86.95440691,20.7380033,-5.6,52.378198,Corals
-86.95598855,20.73811213,-5,209.516032,Corals
-86.95465661,20.73814794,-5.1,34.918878,Corals
-86.95554026,20.7382566,-5.1,34.919178,Corals
-86.95444526,20.73825631,-5.3,52.378202,Corals
-86.9555953,20.7383801,-5.1,261.893928,Corals
-86.95567467,20.73850964,-5,52.37882,Corals
-86.95565535,20.73887107,-5.1,34.919191,Corals
-86.9552711,20.7389794,-3.7,34.919055,Corals
-86.95577056,20.73905182,-4.7,34.919223,Corals
-86.95381104,20.73912359,-5.1,34.918546,Corals
-86.95575132,20.73916025,-4.5,52.378818,Corals
-86.95412756,20.73344257,-8,439.190822,Sediments
-86.95718351,20.73367198,-1.1,406.854672,Sediments
-86.954424,20.73410965,-7.5,410.096059,Sediments
-86.95403752,20.73395758,-7.9,1130.500733,Sediments
-86.95340341,20.73257114,-10.9,151.278932,Macroalgae
-86.9572431,20.73383482,-1.4,2171.788529,Macroalgae
-86.95671899,20.73011671,-6.1,554.942512,Corals
-86.9560256,20.73081869,MISS,147.067907,Corals
-86.9559707,20.73103259,-5.6,236.66473,Corals
-86.95498382,20.73132357,-8.2,69.83856,Corals
-86.95552904,20.73147364,MISS,285.575069,Corals
-86.95530288,20.73199357,-6.2,238.497926,Corals
-86.95505835,20.73256746,-6,1966.700331,Corals
-86.95484888,20.73291385,-6.6,69.838333,Corals
-86.95476561,20.73298913,-7.2,104.757397,Corals
-86.9545662,20.73316799,-5.9,229.372802,Corals
-86.95706204,20.73245319,-0.6,14876.87885,Corals
-86.95444883,20.73337848,-6.2,443.3592,Corals
-86.95762451,20.73366209,MISS,8.580336,Corals
-86.95746196,20.73365383,MISS,83.117775,Corals
-86.95704197,20.7335113,-2.1,328.038061,Corals
-86.95458307,20.73397424,-5.3,872.975615,Corals
-86.95512917,20.73449475,-5,3166.74483,Corals
-86.9565569,20.73033228,-6.1,139.679454,S&B
-86.95739835,20.7300652,-4.5,1693.627595,S&B
-86.95690932,20.73042549,-4.7,157.139903,S&B
-86.95634707,20.73045592,-6.1,340.677767,S&B
-86.95619056,20.73065748,-6,62.70049,S&B
-86.95580345,20.73124575,-5.9,738.333237,S&B
-86.95522216,20.73222806,-5.8,315.201287,S&B
-86.95496786,20.73251116,MISS,33.271817,S&B
-86.95824191,20.73262782,-2.6,139.681376,S&B
-86.95461295,20.73304764,-7.7,222.574753,S&B
-86.95700336,20.73338997,-2.8,44.622672,S&B
-86.95505715,20.73312203,-5.6,4003.070934,S&B
-86.95746296,20.73358285,-2.5,66.375377,S&B
-86.95722752,20.73351907,MISS,115.329037,S&B
-86.95485786,20.73388112,-5.6,5365.004973,S&B
-86.95268993,20.7345936,-9.9,100986.4938,Octocorals
-86.95584838,20.73090814,-7.3,34.919595,Corals
-86.95500631,20.73105049,-8.3,157.136852,Corals
-86.95500298,20.73148622,-8.3,34.91928,Corals
-86.95477242,20.73163073,-8.3,34.919194,Corals
-86.95450335,20.73206439,-8.3,34.919083,Corals
-86.95458016,20.73217284,-8.2,34.919105,Corals
-86.9545417,20.73228126,-8.3,34.919087,Corals
-86.954388,20.7323535,-8.6,34.919032,Corals
-86.95402302,20.73235341,-8.4,17.459453,Corals
-86.95469535,20.73238973,-8.3,34.919136,Corals
-86.95461848,20.73249814,-8.2,34.919105,Corals
-86.95442634,20.73264266,-8.3,34.919032,Corals
-86.95404211,20.73275099,-8.1,34.918896,Corals
-86.95404205,20.73293171,-8.6,34.918888,Corals
-86.95733556,20.73358099,-2.6,6.606655,Corals
-86.95350385,20.73397974,-8.4,34.918658,Corals
-86.96073341,20.73044841,MISS,6927.14706,Seagrass_com
-86.95962504,20.73015221,-0.6,1239.692797,Sediments
-86.95997443,20.73026646,-0.8,558.736654,Sediments
-86.95974378,20.73077469,-0.7,558.735029,Sediments
-86.95768256,20.73210874,-0.7,384.12189,Sediments
-86.95729542,20.73217992,-0.6,1097.829145,Sediments
-86.95697671,20.73237477,-0.8,436.498995,Sediments
-86.95565129,20.73416441,-4.4,230.1192,Sediments
-86.95537087,20.73440869,-4.5,175.250363,Sediments
-86.9603285,20.73041004,-0.9,855.568245,Macroalgae
-86.95614014,20.73100103,-5.8,359.323635,Macroalgae
-86.96019647,20.7310781,-0.8,205.20744,Macroalgae
-86.95785107,20.73091506,-0.6,1571.412821,Macroalgae
-86.95687376,20.73124145,MISS,750.778622,Macroalgae
-86.95648223,20.73122112,-4.2,1012.674199,Macroalgae
-86.95633065,20.73171671,-3.6,296.817686,Macroalgae
-86.95492805,20.73313469,-5.6,558.707045,Macroalgae
-86.95474185,20.73348987,-5.6,838.058585,Macroalgae
-86.95478199,20.73389062,-5.4,1047.572971,Macroalgae
-86.95496859,20.73419197,-5.6,310.780541,Macroalgae
-86.95602166,20.73414431,-4.4,418.186583,Macroalgae
-86.95899698,20.73043543,-0.3,87.301749,Corals
-86.95866986,20.73068971,-0.6,139.682301,Corals
-86.95713534,20.73121568,-1.9,69.840049,Corals
-86.95784069,20.73130998,-0.6,197.920409,Corals
-86.95769048,20.7312875,-1.5,261.901594,Corals
-86.95799559,20.73147019,-0.6,122.221082,Corals
-86.95560468,20.73156096,-6.2,860.318783,Corals
-86.95606523,20.73171858,MISS,1099.96856,Corals
-86.95700069,20.73186624,-1.1,69.839902,Corals
-86.95596333,20.73197441,-4.1,69.839179,Corals
-86.95649804,20.73182055,-2.6,838.074668,Corals
-86.95705183,20.73212227,-0.8,157.139813,Corals
-86.95597424,20.73218739,MISS,122.218534,Corals
-86.95784291,20.73232095,-0.7,349.202201,Corals
-86.95595936,20.73239367,-4.1,174.59785,Corals
-86.95630897,20.73244436,-2.6,69.839377,Corals
-86.95620661,20.7331171,-2.1,384.115847,Corals
-86.95526392,20.73325331,-5,157.13682,Corals
-86.95667366,20.73349262,-0.8,104.759308,Corals
-86.9549639,20.73370603,-5.3,104.757516,Corals
-86.95446443,20.73374506,-5.8,69.837998,Corals
-86.95554444,20.73307917,-4.3,8153.682801,Corals
-86.95737951,20.733922,-2.4,139.679965,Corals
-86.95518476,20.73390941,-4.6,209.515457,Corals
-86.95557615,20.73397501,-3.8,419.032498,Corals
-86.95644631,20.73381972,-1,5702.383877,Corals
-86.95531464,20.73414126,-4.6,296.813849,Corals
-86.95408057,20.7343238,-7.5,67.501125,Corals
-86.95442971,20.73436071,-5.9,646.000796,Corals
-86.95752793,20.73025797,-3,226.981229,S&B
-86.95808005,20.73041172,-0.7,157.141713,S&B
-86.95756364,20.73049679,-2.3,122.22071,S&B
-86.95865279,20.7305727,-0.6,109.488957,S&B
-86.96021536,20.73023531,-0.8,2165.110319,S&B
-86.95730835,20.730782,-2.4,69.840205,S&B
-86.95904203,20.73079598,-0.6,69.841395,S&B
-86.95821688,20.73093894,-0.3,4186.713018,S&B
-86.95565606,20.73164903,-5.9,69.838997,S&B
-86.95577128,20.73177557,-5.5,104.758595,S&B
-86.95772744,20.73193569,-0.6,261.901475,S&B
-86.95834735,20.73205,-1,1501.576915,S&B
-86.9576764,20.73230012,-0.6,384.121825,S&B
-86.95545729,20.73257668,-5.2,209.516365,S&B
-86.95517934,20.73273322,-5.7,174.59643,S&B
-86.95577649,20.73277597,-4.3,244.436432,S&B
-86.9553135,20.73352332,-4.5,401.571968,S&B
-86.95680801,20.73392638,-2.6,69.839594,S&B
-86.95630872,20.73386745,-2.9,995.209421,S&B
-86.95732974,20.73395612,-2.6,293.888511,S&B
-86.95438743,20.73428418,-6.8,104.756847,S&B
-86.95890296,20.7300053,-0.6,17.460342,Corals
-86.95886452,20.73009565,-0.6,34.920667,Corals
-86.95855713,20.73024015,-0.6,34.920555,Corals
-86.95744294,20.73034831,-3,34.920166,Corals
-86.95840338,20.73049312,MISS,34.920493,Corals
-86.959018,20.73081856,-0.6,34.920689,Corals
-86.95867223,20.73081848,-0.6,34.92057,Corals
-86.95673198,20.73105294,-3.6,34.919893,Corals
-86.95803815,20.73137855,-0.6,34.920328,Corals
-86.95771349,20.73144594,-0.6,261.901577,Corals
-86.95665491,20.73188422,-2.2,34.919831,Corals
-86.95813403,20.73199302,-0.8,52.380503,Corals
-86.95607858,20.73199251,-4.1,34.919628,Corals
-86.95773062,20.73202907,-0.7,34.920195,Corals
-86.95615538,20.7321371,-3.5,34.919649,Corals
-86.95561746,20.73228154,-5.3,34.919457,Corals
-86.9576921,20.73239049,-0.7,34.920166,Corals
-86.95701975,20.73239033,-0.7,17.459968,Corals
-86.95607844,20.73246238,-3.3,34.919608,Corals
-86.95596317,20.73249849,-4.1,34.919567,Corals
-86.95546358,20.73296823,-4.5,34.919375,Corals
-86.955963,20.73311293,-2.7,34.919541,Corals
-86.95433001,20.73358238,-7.7,52.378439,Corals
-86.95717307,20.73365539,-1,17.459967,Corals
-86.9560781,20.73365512,-1.8,34.919558,Corals
-86.95519433,20.73401633,-4.6,34.919238,Corals
-86.95970591,20.72558477,MISS,58.771459,Macroalgae
-86.96130294,20.72582824,-5,366.677704,Macroalgae
-86.96082486,20.72637029,-5.1,314.293489,Macroalgae
-86.95845612,20.7268477,-10.8,202.106082,Macroalgae
-86.95872264,20.72661957,-9.5,1272.1852,Macroalgae
-86.95767423,20.72768865,-12.6,254.523847,Macroalgae
-86.95802017,20.72965616,-3.5,453.965152,Macroalgae
-86.95961435,20.72763805,-4.8,69.842058,Corals
-86.95886418,20.7278726,MISS,155.854849,Corals
-86.9585968,20.72831022,-5.6,101.765848,Corals
-86.95711439,20.72978755,-6,257.278662,Corals
-86.95698983,20.72993847,-5.7,416.9339,Corals
-86.96095861,20.72595716,-5.7,176.749596,S&B
-86.96010855,20.72670017,-5.9,387.724831,S&B
-86.95976817,20.72709593,-6,69.84221,S&B
-86.95933659,20.72747881,-5.9,294.427192,S&B
-86.95876898,20.72805336,-6.3,191.785995,S&B
-86.95861314,20.72814945,-6.2,215.201789,S&B
-86.95842584,20.72850865,-5.5,466.143811,S&B
-86.95827822,20.72880187,-5.6,218.784024,S&B
-86.95817532,20.72893384,-5.8,181.264921,S&B
-86.96251285,20.72561243,-1.4,100895.9466,S&B
-86.95765013,20.72933791,-5.9,228.695945,S&B
-86.95757982,20.72952969,-5.8,151.499611,S&B
-86.95724809,20.72953265,-6.8,186.573609,S&B
-86.95750075,20.72969774,-5.2,69.840431,S&B
-86.95788716,20.72966725,-4.3,453.964525,S&B
-86.95814605,20.72974858,-2.9,7288.490725,S&B
-86.95724469,20.72822219,-12.8,267.083223,Octocorals_&_corals
-86.95708531,20.72839225,-13.5,46.206454,Octocorals_&_corals
-86.95688,20.72864132,-13.1,1.85812,Octocorals_&_corals
-86.95867292,20.72827035,-5.7,17.460339,Corals
-86.96462384,20.72595775,-0.9,2822.409827,Sediments
-86.96417714,20.72641649,-0.9,296.532823,Sediments
-86.96389831,20.72641821,-0.5,331.764259,Sediments
-86.96324917,20.72682494,-0.7,907.980168,Sediments
-86.96222072,20.72800573,-0.6,279.375275,Sediments
-86.9621702,20.72838523,-0.6,279.375009,Sediments
-86.96193236,20.72842061,-0.6,384.139769,Sediments
-86.96138117,20.7293711,-0.7,279.372519,Sediments
-86.96174962,20.72545619,-4.6,471.44499,Macroalgae
-86.96144155,20.7260855,-3.6,523.825843,Macroalgae
-86.96203099,20.7263636,-0.7,3020.745504,Macroalgae
-86.96149774,20.72692377,-0.8,1431.790033,Macroalgae
-86.96025571,20.72714854,-4.4,366.673348,Macroalgae
-86.95948283,20.72795713,-4.2,331.749229,Macroalgae
-86.95908849,20.72845773,-3.5,384.128972,Macroalgae
-86.95944997,20.72875621,-1.3,419.051059,Macroalgae
-86.95963517,20.72880731,-0.8,523.814808,Macroalgae
-86.96180472,20.7256145,-3.5,69.843737,Corals
-86.96280162,20.72579363,-0.6,87.305506,Corals
-86.9614909,20.72587045,-3.9,104.765243,Corals
-86.96203196,20.72588262,-2.1,104.765811,Corals
-86.96264982,20.72601227,-0.6,69.844286,Corals
-86.96238083,20.72624715,-0.6,104.766114,Corals
-86.9611514,20.72642759,-3.7,69.843218,Corals
-86.96097366,20.72663086,-3,69.843077,Corals
-86.96068066,20.72691242,-3.2,104.764275,Corals
-86.96013303,20.72751167,-3.2,122.224245,Corals
-86.95992541,20.72758252,-3.6,226.987403,Corals
-86.96020978,20.72785506,-1.6,69.842453,Corals
-86.95934529,20.72810786,-4.1,69.841833,Corals
-86.96043507,20.72824967,-0.6,261.909627,Corals
-86.9599733,20.72863209,-0.6,174.605544,Corals
-86.95970823,20.72893452,-0.6,366.670559,Corals
-86.95826923,20.72933649,-3.5,69.840989,Corals
-86.95848435,20.72944678,-2.6,87.301413,Corals
-86.96281184,20.72592216,-0.6,674.315667,S&B
-86.96274798,20.72619334,-0.2,91.393049,S&B
-86.96157459,20.72703032,-0.6,226.991241,S&B
-86.96147348,20.72723086,-0.3,157.147591,S&B
-86.96106952,20.72736279,-0.7,69.843084,S&B
-86.96125979,20.72752478,-0.6,325.974862,S&B
-86.96109024,20.72775053,-0.3,135.674183,S&B
-86.96097112,20.72798018,-0.3,269.424643,S&B
-86.96057469,20.72810815,-0.6,69.842679,S&B
-86.96149731,20.72874758,-0.6,4662.039274,S&B
-86.95997886,20.72940918,-0.4,104.763238,S&B
-86.95959787,20.72923267,-0.6,6528.628883,S&B
-86.96224657,20.72543388,-3,34.922026,Corals
-86.96224654,20.72554232,-2.5,34.922023,Corals
-86.96270751,20.72575928,-0.6,34.922171,Corals
-86.96193639,20.72580816,-2.7,122.226666,Corals
-86.96305329,20.72588591,-0.6,17.356905,Corals
-86.96109382,20.72622879,-4.4,34.921598,Corals
-86.96220517,20.72639685,-0.6,122.226902,Corals
-86.96128587,20.72640955,-3.1,34.921656,Corals
-86.96143953,20.72644573,-2.2,34.921707,Corals
-86.9620542,20.72653623,-0.6,17.460958,Corals
-86.96201577,20.72660851,-0.6,17.460949,Corals
-86.9620926,20.72664467,-0.6,17.460962,Corals
-86.96197734,20.72664464,-0.6,17.460942,Corals
-86.96182362,20.7268434,-0.3,34.921823,Corals
-86.96090157,20.72687933,-2.7,34.921504,Corals
-86.96155464,20.72702406,-0.6,34.921721,Corals
-86.9612857,20.72709628,-0.9,34.921627,Corals
-86.96136248,20.72729509,MISS,17.460822,Corals
-86.95997941,20.72729477,-4.6,17.460585,Corals
-86.96134645,20.72738846,-0.6,52.382453,Corals
-86.96109353,20.72738539,-0.6,34.921549,Corals
-86.96007856,20.72767732,-2.9,52.38178,Corals
-86.95986403,20.72778269,-2.7,34.921109,Corals
-86.96059388,20.72818044,-0.6,34.921343,Corals
-86.96009435,20.72850562,-0.6,34.921159,Corals
-86.96003671,20.72855982,-0.6,34.921135,Corals
-86.96003667,20.72870439,MISS,34.921129,Corals
-86.9599214,20.72877665,-0.6,104.763259,Corals
-86.95878803,20.72879446,-3.4,34.920696,Corals
-86.95890328,20.72883063,-2.9,34.920732,Corals
-86.95963314,20.72922838,-0.6,34.92097,Corals
-86.95913352,20.72984271,-0.6,34.92077,Corals
-86.95901826,20.72987882,-0.6,34.920731,Corals
-86.9646967,20.72121389,-10.3,646.076492,Macroalgae
-86.96472266,20.72101746,-12,1209.654128,Macroalgae
-86.96235543,20.72300397,-10.8,1531.22243,Macroalgae
-86.96039165,20.72492381,-10.9,104.797501,Macroalgae
-86.96095091,20.72514007,-6.8,576.206338,Macroalgae
-86.96026916,20.72522863,-9.3,314.292211,Macroalgae
-86.96004728,20.72526028,-9.6,29.458038,Macroalgae
-86.96649422,20.72394175,-0.3,432.232775,Corals
-86.96633899,20.72138663,-5.1,69.847215,S&B
-86.96682871,20.72123959,-4.5,1283.466056,S&B
-86.9666655,20.72154633,-4.1,104.77114,S&B
-86.9662772,20.72159776,MISS,344.969943,S&B
-86.96659104,20.7216555,-4.1,139.694734,S&B
-86.96672114,20.72180597,-2.8,87.309301,S&B
-86.96630184,20.721841,-3.6,122.232515,S&B
-86.96583081,20.72178871,-4.9,490.653767,S&B
-86.96561277,20.72202059,-4.8,136.249103,S&B
-86.96507193,20.72232504,-4.9,370.407918,S&B
-86.96482451,20.72236312,-5.3,149.459542,S&B
-86.96478042,20.72256325,-4.8,139.692082,S&B
-86.96404851,20.72307465,-4.8,414.346595,S&B
-86.96355546,20.72346659,-5.1,907.34878,S&B
-86.96230542,20.72378767,-7.3,101005.2044,Octocorals
-86.96359524,20.72173399,-12.6,7.863556,Octocorals_&_corals
-86.9631991,20.72223687,-11.1,667.382813,Octocorals_&_corals
-86.96213186,20.72324716,-10.3,17.461041,Corals
-86.96813701,20.7230371,-1,47.311991,Seagrass_com
-86.96762868,20.72283406,-0.6,331.777908,Sediments
-86.96735909,20.72327842,-0.4,820.711157,Sediments
-86.96766724,20.72334328,-0.4,715.941634,Sediments
-86.96795535,20.72349688,-0.5,485.102662,Sediments
-86.96671545,20.72364681,-0.4,558.778269,Sediments
-86.96560258,20.72424495,-0.7,441.999712,Sediments
-86.96498532,20.72465497,-0.5,523.845092,Sediments
-86.9655074,20.72473651,-0.4,1309.619167,Sediments
-86.96491721,20.72533577,-0.5,857.228124,Sediments
-86.96522255,20.72282512,-2.5,1414.388047,Macroalgae
-86.96452846,20.72324583,-3,409.569001,Macroalgae
-86.96541399,20.7233111,-0.7,523.848138,Macroalgae
-86.96392968,20.72374705,-3.6,436.533464,Macroalgae
-86.96460793,20.72389283,-0.9,1274.686071,Macroalgae
-86.96307248,20.72447159,-3.4,541.296489,Macroalgae
-86.96352653,20.72476279,-0.8,698.449892,Macroalgae
-86.96869931,20.72107402,-0.6,145.532367,Corals
-86.96675636,20.72324925,-0.4,279.389361,Corals
-86.96572149,20.72327728,-0.6,139.69327,Corals
-86.96399498,20.72380779,-2.7,69.845397,Corals
-86.9644174,20.7244223,-0.2,69.754856,Corals
-86.96578295,20.72454791,-0.6,271.047855,Corals
-86.96397096,20.72466151,-0.7,436.53315,Corals
-86.96376617,20.72473302,-0.7,87.306448,Corals
-86.96268056,20.72493936,-2.9,401.605226,Corals
-86.96361051,20.72500949,-0.6,209.535062,Corals
-86.96867828,20.72092039,-0.6,1187.298083,S&B
-86.96830095,20.72155173,-0.3,124.687193,S&B
-86.96685755,20.72171504,-2.7,157.156973,S&B
-86.96738338,20.72172343,-1.3,139.695819,S&B
-86.96691512,20.7219289,-1.9,69.847566,S&B
-86.96803365,20.7218018,-0.3,940.114185,S&B
-86.96620665,20.72200477,-3.4,296.850059,S&B
-86.96770724,20.72211195,-0.2,83.986167,S&B
-86.96733514,20.72211398,-0.7,331.77722,S&B
-86.96752326,20.72218329,-0.2,356.014086,S&B
-86.96708791,20.72234459,-0.6,87.309586,S&B
-86.96719785,20.72245316,-0.6,116.287365,S&B
-86.96688898,20.72272102,-0.3,73.625089,S&B
-86.96630347,20.72276611,-0.7,104.7706,S&B
-86.96636212,20.72293981,-0.6,157.155976,S&B
-86.96580072,20.72328407,-0.6,174.616709,S&B
-86.96577338,20.72351585,-0.2,354.020396,S&B
-86.96553279,20.7235949,-0.2,326.059032,S&B
-86.96482187,20.72409727,MISS,73.961812,S&B
-86.96257334,20.72453036,-4.6,69.844357,S&B
-86.96426068,20.72455964,-0.2,273.911323,S&B
-86.96405239,20.72470752,-0.6,122.229382,S&B
-86.96395808,20.72496569,-0.2,54.594133,S&B
-86.96766446,20.7209893,-2.9,34.92408,Corals
-86.96877852,20.72115216,-0.7,52.38668,Corals
-86.9672418,20.72135066,-3,34.92392,Corals
-86.96712632,20.72239881,-0.6,34.923837,Corals
-86.96628101,20.72297695,-0.6,34.923522,Corals
-86.96585838,20.72315758,-0.6,34.923369,Corals
-86.96662672,20.72321195,-0.4,17.461815,Corals
-86.9655894,20.72339246,-0.6,17.461632,Corals
-86.9653973,20.72344664,-0.6,34.923196,Corals
-86.96537487,20.72355205,-0.6,52.384776,Corals
-86.96470564,20.72406094,-0.6,34.922934,Corals
-86.96360754,20.7240577,-3,52.383832,Corals
-86.96339944,20.72406067,-3.9,34.922483,Corals
-86.9646288,20.72411514,-0.6,17.461452,Corals
-86.96339941,20.72420525,-3.4,34.922477,Corals
-86.96305363,20.72427746,-4.4,34.922355,Corals
-86.96336095,20.72438596,-2.6,34.922456,Corals
-86.96416771,20.72442227,-0.7,34.922732,Corals
-86.96424453,20.7244765,-0.2,17.461378,Corals
-86.96445704,20.72451315,-0.2,32.40379,Corals
-86.96428261,20.72456614,-0.2,33.372959,Corals
-86.96236186,20.72528933,-2.8,34.922074,Corals
-86.96837393,20.72199472,-0.6,9437.834544,NoData 
-86.97033061,20.71675047,-6.9,541.340243,Macroalgae
-86.9707092,20.71893226,-0.8,1071390.707,Macroalgae
-86.97177193,20.71722927,-3.4,87.31413,S&B
-86.97089487,20.71760528,-4.8,122.238673,S&B
-86.97113383,20.71756474,-4.4,319.952225,S&B
-86.97052672,20.718134,MISS,51.449776,S&B
-86.96978139,20.71876453,-4.2,185.222741,S&B
-86.96952932,20.71900288,-3.9,63.975126,S&B
-86.96722274,20.72062778,-5,139.695775,S&B
-86.9697463,20.71717898,-7.7,30439.98974,Octocorals
-86.96764938,20.71897554,-8.3,13641.60028,Octocorals
-86.96962538,20.71667559,-11.2,123.791903,Octocorals_&_corals
-86.9692815,20.71713626,-10.5,717.644752,Octocorals_&_corals
-86.96532634,20.72039631,-11.5,221.90331,Octocorals_&_corals
-86.97302443,20.71831341,-0.7,506.42756,Sediments
-86.97328289,20.71848731,-0.7,72.764148,Sediments
-86.97309328,20.71701784,-0.8,1065.246668,Macroalgae
-86.97167089,20.71756303,-2.8,401.64443,Macroalgae
-86.97054178,20.71905537,-1.1,1239.842859,Macroalgae
-86.96975941,20.71963701,-0.9,349.248588,Macroalgae
-86.96942748,20.71988974,-1.1,1763.698974,Macroalgae
-86.97458308,20.71623903,-0.6,642.879399,Corals
-86.97429216,20.71636402,-0.6,104.779672,Corals
-86.97307262,20.71737948,-0.6,482.580299,Corals
-86.97114175,20.71806228,-2.8,69.850802,Corals
-86.97198688,20.71820699,-0.6,69.85137,Corals
-86.97016439,20.71881774,-2.9,279.40027,Corals
-86.96868272,20.71994132,-3,69.848949,Corals
-86.96870191,20.72006783,-2.6,122.235667,Corals
-86.97275536,20.71730352,-0.9,69.851977,S&B
-86.97290866,20.71745152,-0.6,136.150252,S&B
-86.97106888,20.71886905,-0.6,244.4774,S&B
-86.96877506,20.7192528,-4.9,87.311338,S&B
-86.96922067,20.71936312,-3,69.84937,S&B
-86.96862517,20.7195844,-4.4,69.848941,S&B
-86.97000991,20.71985288,-0.6,135.678544,S&B
-86.97021486,20.72057561,-0.6,838.199401,S&B
-86.9715642,20.71873101,-0.2,34.925518,Corals
-86.97140734,20.7187099,-0.6,52.388197,Corals
-86.97073816,20.71918267,-0.6,34.925215,Corals
-86.97044995,20.71963441,-0.6,34.925096,Corals
-86.96973918,20.71994151,-0.6,34.924839,Corals
-86.96973914,20.72013819,-0.6,45.777867,Corals
-86.96954706,20.72015834,-0.6,34.924763,Corals
-86.96954702,20.72032041,-0.6,46.448833,Corals
-86.97704913,20.71449035,-2.1,429.873553,Sediments
-86.97746443,20.71487571,-2.1,118.904722,Sediments
-86.97768469,20.7151088,-1.9,236.248429,Sediments
-86.97572509,20.71204426,-7.1,401.663163,Macroalgae
-86.97431757,20.71264248,-10.3,237.936252,Macroalgae
-86.97519954,20.7115902,MISS,1.415072,Macroalgae
-86.97467699,20.71293315,-7.8,1728.878377,Macroalgae
-86.97148418,20.71553308,-7.7,576.272811,Macroalgae
-86.97805635,20.71408275,-2.5,56.887502,Corals
-86.97717395,20.71235246,-4.2,69.855438,S&B
-86.97620465,20.71316808,-4,430.792049,S&B
-86.97356236,20.71578561,-3.5,69.85266,S&B
-86.9769758,20.71375679,-0.9,197426.1417,S&B
-86.97664156,20.71237911,-4.8,401.666661,Octocorals
-86.9768925,20.71230585,-4.7,454.059097,Octocorals
-86.97379178,20.7151777,-4.8,995.403383,Octocorals
-86.97097482,20.71567461,-9.6,366.71719,Octocorals
-86.97108008,20.71520424,-11,961.145652,Octocorals_&_corals
-86.98261827,20.71181705,-1.8,7.577578,Seagrass
-86.97768758,20.71414251,-2,96.312525,Seagrass
-86.97727921,20.71420866,-1.9,394.777701,Seagrass
-86.98226687,20.71167902,-1.3,467.847345,Sediments
-86.97699383,20.71500772,-0.9,733.478522,Sediments
-86.97763332,20.71321025,-0.9,454.061908,Macroalgae
-86.98000413,20.71163399,-0.8,1087.626931,Corals
-86.97914091,20.71230885,-0.9,421.122905,Corals
-86.97859232,20.71293694,-0.6,99.908794,Corals
-86.97896023,20.71233462,-1.1,157.177506,S&B
-86.97868307,20.71282365,-0.6,265.535968,S&B
-86.97708226,20.71381456,-0.9,733.480171,S&B
-86.9758098,20.71498174,-0.8,209.562825,S&B
-86.97560233,20.71518954,-0.7,349.270406,S&B
-86.97511327,20.71560425,-0.9,541.366506,S&B
-86.97461662,20.71604179,-0.7,157.170067,S&B
-86.98038169,20.71148628,-0.8,31.772555,Corals
-86.97967454,20.7119584,-0.6,46.760007,Corals
-86.9784992,20.71304066,-0.6,31.121158,Corals
-86.97776923,20.7133465,-0.6,17.463941,Corals
-86.97940206,20.70848494,-9,0.006928,Sediments
-86.97836456,20.70904612,MISS,24.195231,Sediments
-86.98103916,20.70701606,-7.9,104.188479,Macroalgae
-86.98300913,20.70717762,-5.1,454.089305,Macroalgae
-86.98260554,20.70719519,-5.3,1362.262685,Macroalgae
-86.98113783,20.7088235,-5.1,349.292354,Macroalgae
-86.97764723,20.70950104,-9.7,366.744012,Macroalgae
-86.97897021,20.70966265,-5.9,471.534065,Macroalgae
-86.97843991,20.70963143,-6.8,2060.768344,Macroalgae
-86.97894496,20.70861114,MISS,2695.658351,Macroalgae
-86.98717302,20.70726163,-3.7,17.498021,Corals
-86.98150073,20.70968512,-3.1,139.717293,S&B
-86.9805715,20.71042145,-2.9,139.715883,S&B
-86.98017641,20.70969988,-5.1,611.255172,Octocorals
-86.9786277,20.71073473,-5,646.173412,Octocorals
-86.97803944,20.71115921,-5.2,1012.91415,Octocorals
-86.97849367,20.71003275,-6.1,275351.9801,Octocorals
-86.97611822,20.71047902,-11.3,430.892624,Octocorals_&_corals
-86.98382851,20.70970367,-1.2,8898.897054,Seagrass_com
-86.98681843,20.70702587,-2.4,87.328164,Seagrass
-86.98647552,20.70782192,-2.1,69.862224,Seagrass
-86.98628528,20.70795046,-2.3,319.767928,Seagrass
-86.98610581,20.70816136,-2,68.639358,Seagrass
-86.98598514,20.70828954,-1.8,183.387354,Seagrass
-86.98570238,20.70852214,-1.9,69.861635,Seagrass
-86.98566807,20.708668,-2.1,122.228933,Seagrass
-86.98534155,20.70906324,-1.7,243.292141,Seagrass
-86.98436151,20.70947998,-1.7,158.932918,Seagrass
-86.98420113,20.70991204,-1.6,56.412338,Seagrass
-86.98333425,20.71042029,-1.8,52.394882,Seagrass
-86.98284485,20.71078686,-1.9,57.686497,Seagrass
-86.98718828,20.70714059,-3.8,134.352634,Seagrass
-86.98568545,20.70702217,-0.6,314.377887,Macroalgae
-86.98593227,20.70693704,-0.6,477.458033,Corals
-86.98435797,20.70779463,-1.9,209.582314,Corals
-86.98427702,20.70792306,-1.5,122.256229,Corals
-86.98459323,20.70804992,-0.9,279.443643,Corals
-86.98373317,20.70869206,MISS,99.702313,Corals
-86.98376566,20.70882618,-0.6,104.790415,Corals
-86.98314865,20.70907278,-0.7,607.771543,Corals
-86.98295777,20.70928453,-0.6,129.957368,Corals
-86.98309014,20.70949778,-0.9,69.859753,Corals
-86.9825691,20.7098795,-1.1,139.718721,Corals
-86.98237665,20.70984782,-0.9,352.750548,Corals
-86.98090043,20.71031079,-2.2,104.787265,Corals
-86.98211086,20.71034735,-0.7,154.408964,Corals
-86.98156914,20.7107131,-0.7,118.067655,Corals
-86.98115207,20.71103096,-0.6,136.670559,Corals
-86.98562334,20.70782355,-1,4481.615172,S&B
-86.98380087,20.70870193,MISS,64.668158,S&B
-86.98250702,20.70992113,-0.9,122.253795,S&B
-86.98228125,20.70986582,-0.9,172.259864,S&B
-86.98213817,20.71011685,-0.7,134.302205,S&B
-86.98223852,20.71036214,-0.8,104.788634,S&B
-86.98195266,20.71042048,-0.7,739.25474,S&B
-86.98086393,20.71125337,-0.6,81.864172,S&B
-86.98599064,20.70685955,-0.2,34.930987,Corals
-86.98303263,20.70848575,-2.3,34.9299,Corals
-86.98364723,20.70870267,-0.8,34.930102,Corals
-86.9836855,20.70879229,-0.6,12.664781,Corals
-86.98357039,20.70877495,-0.6,34.930073,Corals
-86.98080426,20.71130453,-0.6,32.501882,Corals
-86.98324765,20.70660487,-6.5,331.835496,Sediments
-86.98182996,20.70662515,-8.9,681.126544,Sediments
-86.98270693,20.70552564,MISS,37.400568,Sediments
-86.9833692,20.70491817,-8.6,224.997669,Macroalgae
-86.98293014,20.70537181,-9.1,348.423204,Macroalgae
-86.98394233,20.70578601,-5.6,576.350439,Macroalgae
-86.98255009,20.7058512,-9,634.553079,Macroalgae
-86.98221963,20.70602805,-8.5,38.459202,Macroalgae
-86.9816637,20.70664912,-9,673.846825,Macroalgae
-86.98329678,20.70680836,-5.6,2218.058532,Macroalgae
-86.98649473,20.70580524,-3,280.71547,S&B
-86.98549145,20.70490692,-5.5,384.239876,Octocorals
-86.98471696,20.70595027,-4.4,820.868769,Octocorals
-86.98423813,20.70451446,-7.1,3326.842983,Octocorals_&_corals
-86.98364759,20.70526529,-7,1781.442672,Octocorals_&_corals
-86.98625557,20.70639196,-0.9,419.173167,Macroalgae
-86.9860963,20.70654932,-0.9,314.379306,Macroalgae
-86.98687753,20.7066222,-0.6,709.822057,Corals
-86.98661051,20.70671836,-0.6,324.944127,Corals
-86.98635284,20.70672059,-0.6,582.432398,Corals
